{
    "duration": 1.2333333492279053,
    "keyframes": [
        {
            "position": [
                0.10000000149011612,
                0.0,
                0.0
            ],
            "rotation": [
                0.0,
                0.0,
                0.0
            ],
            "scale": [
                1.0,
                1.0,
                1.0
            ],
            "time": 0.3636363446712494
        },
        {
            "position": [
                0.10000000149011612,
                0.0,
                0.0
            ],
            "rotation": [
                0.0,
                0.0,
                0.0
            ],
            "scale": [
                1.0,
                1.0,
                1.0
            ],
            "time": 0.8181817531585693
        },
        {
            "position": [
                -2.700000047683716,
                1.0,
                0.0
            ],
            "rotation": [
                0.0,
                0.0,
                0.0
            ],
            "scale": [
                1.0,
                1.0,
                1.0
            ],
            "time": 1.2333333492279053
        }
    ],
    "objectName": ""
}