{
    "Circle": {
        "endScale": 0.0,
        "gravity": -0.004999999888241291,
        "isBillboard": true,
        "maxLifeTime": 4.400000095367432,
        "maxVelocity": [
            0.05000000074505806,
            0.30000001192092896,
            0.05000000074505806
        ],
        "minLifeTime": 1.600000023841858,
        "minVelocity": [
            -0.05000000074505806,
            0.10000000149011612,
            -0.05000000074505806
        ],
        "startColor": [
            0.13513511419296265,
            0.005217572208493948,
            0.005217572208493948,
            1.0
        ],
        "startScale": 1.0
    }
}
