{
    "Circle": {
        "endScale": 0.0,
        "gravity": -0.004999999888241291,
        "isBillboard": true,
        "maxLifeTime": 10.0,
        "maxVelocity": [
            0.05000000074505806,
            0.30000001192092896,
            0.05000000074505806
        ],
        "minLifeTime": 2.299999952316284,
        "minVelocity": [
            -0.05000000074505806,
            0.10000000149011612,
            -0.05000000074505806
        ],
        "startColor": [
            1.0,
            1.0,
            1.0,
            1.0
        ],
        "startScale": 1.0
    }
}
