{
    "CardT": {
        "color": [
            1.0,
            1.0,
            1.0,
            1.0
        ],
        "scale": 1.0,
        "text": "",
        "x": 12.0,
        "y": 453.0
    },
    "ReadyCardT": {
    "color": [
            0.054054081439971924,
            0.041897132992744446,
            0.005426277406513691,
            1.0
        ],
        "scale": 1.2000000476837158,
        "text": "",
        "x": -3.0,
        "y": 267.0
    }
}
